record_id,source_title,source_url_or_ref,author_name,source_language,source_type,published_at,trip_time_start,trip_time_end,trip_style,summary_zh,item_name_raw,item_name_zh,item_name_en,category,status_recommend,container_recommend,quantity_recommend,brand_raw,brand_normalized,reason_raw,source_quote_or_timecode,confidence_item,record_status
PKH-ROAD-001,Road Trip Packing List,https://www.packhacker.com/packing-list/road-trip-essentials/,Pack Hacker,en,article,,,,road trip / car travel / mixed activities,以公路旅行为主，兼顾车内收纳、途中活动与多天气适配。,TOM BIHN Yeoman Duffel Medium,,TOM BIHN Yeoman Duffel Medium,bags,to_pack,undecided,,TOM BIHN Yeoman,,"A classic duffle that’s ideal for road trips in its simplicity. It’s easy to dump all of your stuff inside the one compartment—basically a giant, cavernous bucket—so you can spend less time packing and more time enjoying the wind in your hair. Its soft sides will squish into the nooks and crannies leftover in your fully packed car. Plus, you can easily grab the comfortable handles and take the duffle into the laundromat (or the hotel if you’re staying more than overnight). Tom Bihn is also known",来源章节: Standalone Bags & Organizers | [See Details & Buying Options](https://www.packhacker.com/travel-gear/tom-bihn/yeoman-duffel-medium/) | [$75.00 on TOM BIHN](https://shareasale.com/r.cfm?b=1813180&u=1595555&m=113008&urllink=www%2Etombihn%2Ecom%2Fproducts%2Fyeoman%2Dduffel%3Fvariant%3D39927441588413&afftrack=),3,draft
PKH-ROAD-002,Road Trip Packing List,https://www.packhacker.com/packing-list/road-trip-essentials/,Pack Hacker,en,article,,,,road trip / car travel / mixed activities,以公路旅行为主，兼顾车内收纳、途中活动与多天气适配。,The North Face Borealis Backpack,,The North Face Borealis Backpack,bags,to_pack,undecided,,The North Face,,"Versatility is key when it comes to choosing the right backpack for a road trip—and that’s why we’re recommending the Borealis. At 28L, this pack is large enough to hold all of the clothes and toiletries you need for a weekend trip, but small enough to act as a daypack for those longer drives. Plus, its dedicated laptop compartment means it’ll work as a laptop bag if you need to head to the coffee shop to get some work done. It’s also a great bag to take on hikes due to its comfortable harness s",来源章节: Standalone Bags & Organizers | [See Review & Buying Options](https://www.packhacker.com/travel-gear/the-north-face/borealis-backpack/) | [$99.00 on REI](https://rei.pxf.io/c/1259410/1448521/17195?u=https%3A%2F%2Fwww.rei.com%2Fproduct%2F236581%2Fthe-north-face-borealis-pack%3Fcm_mmc%3Daff_AL-_-177769-_-226489-_-NA%26avad%3D226489_e4135a135) [$58.93 on REI](https://rei.pxf.io/c/1259410/1448521/17195?u=https%3A%2F%2Fwww.rei.com%2Fproduct%2F236573%2Fthe-north-face-borealis-pack-womens%3Fcm_mmc%3Daff_AL-_-177769-_-226489-_-NA%26avad%3D226489_d413431f1),3,draft
PKH-ROAD-003,Road Trip Packing List,https://www.packhacker.com/packing-list/road-trip-essentials/,Pack Hacker,en,article,,,,road trip / car travel / mixed activities,以公路旅行为主，兼顾车内收纳、途中活动与多天气适配。,Patagonia Atom Sling,,Patagonia Atom Sling,bags,to_pack,undecided,,Patagonia Atom Sling,,"A sling bag is a perfect place to stash your wallet, phone, and keys on the road. Not only so you know where all that important stuff is when not directly using them (trust us, there’s nothing worse than losing your keys in a packed car), but so that you can easily throw your sling over your shoulder and go buy a cup of coffee. It’s also nice for day trips and quick hikes. We’re digging the Atom Sling due to its simple, effective organization as well as the soft mesh on the back panel and should",来源章节: Standalone Bags & Organizers | [See Review & Buying Options](https://www.packhacker.com/travel-gear/patagonia/atom-sling/),3,draft
PKH-ROAD-004,Road Trip Packing List,https://www.packhacker.com/packing-list/road-trip-essentials/,Pack Hacker,en,article,,,,road trip / car travel / mixed activities,以公路旅行为主，兼顾车内收纳、途中活动与多天气适配。,Wool & Prince Boxer Briefs 2.0 (x2),,Wool & Prince Boxer Briefs 2.0 (x2),clothing,to_pack,undecided,2,Wool & Prince,,"You can wear these boxers multiple days in a row without being gross. That in itself makes us like them for life on the road, but they’re also breathable, soft, and moisture-wicking. Plus, the direction of the fabric on the legs runs vertically, so it stretches with your natural movement. Translation: the stretch on these boxers is fantastic. We’re also digging their clean, sophisticated look (no branding on the waistband...yeah, we know!).",来源章节: Clothing & Accessories | [See Review & Buying Options](https://www.packhacker.com/travel-gear/wool-prince/boxer-briefs-2-0/) | [$42.00 on Wool & Prince](https://shareasale.com/r.cfm?b=1257355&u=1595555&m=83434&urllink=https%3A%2F%2Fwoolandprince%2Ecom%2Fcollections%2Fboxer%2Dbriefs&afftrack=),3,draft
PKH-ROAD-005,Road Trip Packing List,https://www.packhacker.com/packing-list/road-trip-essentials/,Pack Hacker,en,article,,,,road trip / car travel / mixed activities,以公路旅行为主，兼顾车内收纳、途中活动与多天气适配。,DUER Live Lite Pant,,DUER Live Lite Pant,clothing,to_pack,undecided,,DUER Live Lite,,"These pants are sleek and polished enough for the city, but versatile enough to work for an eight-hour drive, fast food eating session, or day on the trails. Yes, these pants do it all. We’re huge fans of the crotch gusset, which gives these pants extra flexibility and breathability (two must-haves for long days in the car or hot afternoons exploring).",来源章节: Clothing & Accessories | [See Details & Buying Options](https://www.packhacker.com/travel-gear/duer/live-lite-pant/),3,draft
PKH-ROAD-006,Road Trip Packing List,https://www.packhacker.com/packing-list/road-trip-essentials/,Pack Hacker,en,article,,,,road trip / car travel / mixed activities,以公路旅行为主，兼顾车内收纳、途中活动与多天气适配。,Paskho Ability Modern Traveler Pants,,Paskho Ability Modern Traveler Pants,clothing,to_pack,undecided,,Paskho Ability Modern,,"With a techy, almost sweatpants-y vibe, these pants are ideal for long driving days, traipsing through the forest, or lounging at your Airbnb. We like the technical fabric, which is thin enough that you won’t overheat, but still nice and durable. We’re also digging that the pockets zip all the way up, so you’re less likely to have your phone and/or lucky charm slip out of your pocket and get lost between your seat and the middle console (you know what we’re talking about). The waistband is also ",来源章节: Clothing & Accessories | [See Review & Buying Options](https://www.packhacker.com/travel-gear/paskho/ability-modern-traveler-pants/),3,draft
PKH-ROAD-007,Road Trip Packing List,https://www.packhacker.com/packing-list/road-trip-essentials/,Pack Hacker,en,article,,,,road trip / car travel / mixed activities,以公路旅行为主，兼顾车内收纳、途中活动与多天气适配。,Uniqlo Dry Stretch Easy Shorts,,Uniqlo Dry Stretch Easy Shorts,clothing,to_pack,undecided,,Uniqlo Dry Stretch,,"Shorts that double as swim trunks—sometimes it’s awesome to be living in the 21st century. These shorts are also comfortable, breathable, and stretchy. Plus, they’re available in a variety of subdued and stylish colorways, and won’t break the bank.",来源章节: Clothing & Accessories | [See Details & Buying Options](https://www.packhacker.com/travel-gear/uniqlo/dry-stretch-easy-shorts/),3,draft
PKH-ROAD-008,Road Trip Packing List,https://www.packhacker.com/packing-list/road-trip-essentials/,Pack Hacker,en,article,,,,road trip / car travel / mixed activities,以公路旅行为主，兼顾车内收纳、途中活动与多天气适配。,Outlier Ultrafine Merino T-Shirt,,Outlier Ultrafine Merino T-Shirt,clothing,to_pack,undecided,,Outlier Ultrafine Merino,,"This tee boasts all of the magical properties of Merino wool, including odor-resistance, temperature-regulation, and a fast drying time. It also feels nice—lightweight and breathable, but not thin. All of these features, paired with its simple aesthetic, mean that it’s quite versatile—wear it driving, hiking, lounging, or bar-hopping.",来源章节: Clothing & Accessories | [See Review & Buying Options](https://www.packhacker.com/travel-gear/outlier/ultrafine-merino-t-shirt/),3,draft
PKH-ROAD-009,Road Trip Packing List,https://www.packhacker.com/packing-list/road-trip-essentials/,Pack Hacker,en,article,,,,road trip / car travel / mixed activities,以公路旅行为主，兼顾车内收纳、途中活动与多天气适配。,Patagonia Capilene Cool Daily Shirt,,Patagonia Capilene Cool Daily Shirt,clothing,to_pack,undecided,,Patagonia Capilene Cool,,"With a sporty, outdoorsy vibe, this tee may not be perfect for a five-star restaurant, but it’s great for pretty much everything else. It has built-in UPF sun protection and odor-control that’s comparable to Merino wool (not quite, but close). We like that it’s moisture-wicking and lightweight, so you can turn off the air-conditioning and still keep cool. It’s also quick-drying, so you can use it during any water-activities that may arise on your trip. NOTE: Patagonia is in the process of updati",来源章节: Clothing & Accessories | [See Details & Buying Options](https://www.packhacker.com/travel-gear/patagonia/capilene-cool-daily-shirt/) | [$45.00 on REI](https://rei.pxf.io/c/1259410/1448521/17195?u=https%3A%2F%2Fwww.rei.com%2Fproduct%2F143349%2Fpatagonia-capilene-cool-daily-shirt-mens&partnerpropertyid=1129153) [$45.00 on REI](https://rei.pxf.io/X4xeqX),3,draft
PKH-ROAD-010,Road Trip Packing List,https://www.packhacker.com/packing-list/road-trip-essentials/,Pack Hacker,en,article,,,,road trip / car travel / mixed activities,以公路旅行为主，兼顾车内收纳、途中活动与多天气适配。,Icebreaker Siren Hipkini Briefs (x2),,Icebreaker Siren Hipkini Briefs (x2),clothing,to_pack,undecided,2,Icebreaker Siren Hipkini,,"Made from a blend of Merino wool, the Icebreaker Siren Hipkini Briefs are ideal for life on the go. They’re breathable, quick-drying, comfortable, soft, and more importantly, odor-resistant, so you can go longer between washes (or opt for a quick sink wash instead). Bring two, so you can let each pair breathe between wears.",来源章节: Clothing & Accessories | [See Details & Buying Options](https://www.packhacker.com/travel-gear/icebreaker/siren-hipkini-briefs/) | [$35.00 on REI](https://rei.pxf.io/c/1259410/1448521/17195?u=https%3A%2F%2Fwww.rei.com%2Fc%2Fwomens-briefs) [$35.00 on Public Lands](https://public-lands.sjv.io/AW9XZR) [$35.00 on Amazon](https://www.amazon.com/dp/B07FQG4QG2?tag=23ph-20&linkCode=ogi&th=1&psc=1),3,draft
PKH-ROAD-011,Road Trip Packing List,https://www.packhacker.com/packing-list/road-trip-essentials/,Pack Hacker,en,article,,,,road trip / car travel / mixed activities,以公路旅行为主，兼顾车内收纳、途中活动与多天气适配。,Anatomie Skyler Travel Pant,,Anatomie Skyler Travel Pant,clothing,to_pack,undecided,,Anatomie Skyler Travel,,"These pants offer great versatility. They’re comfortable and lightweight enough to wear on driving days, breathable enough to wear on trails, and polished enough to wear to happy hour. We also like that they’re wrinkle-resistant, so you can crumple them up and toss them in your duffle without worrying how they’ll fare. The only downside is that the pockets aren’t as usable as we would like.",来源章节: Clothing & Accessories | [See Details & Buying Options](https://www.packhacker.com/travel-gear/anatomie/skyler-travel-pant/),3,draft
PKH-ROAD-012,Road Trip Packing List,https://www.packhacker.com/packing-list/road-trip-essentials/,Pack Hacker,en,article,,,,road trip / car travel / mixed activities,以公路旅行为主，兼顾车内收纳、途中活动与多天气适配。,Encircled Women’s Dressy Sweatpant,,Encircled Women’s Dressy Sweatpant,clothing,to_pack,undecided,,Encircled Women,,"All you need to know about the Encircled Dressy Sweatpant is in the name. These sweats are oh-so-soft and stretchy—perfect for long drives—yet dressy enough you can step out of your car without being embarrassed. They’re also relatively thin, so you’re not likely to get overheated, and feature a secret zippered pocket that’s actually hard to spot (unlike other “secret” pockets out there). So we guess it’s not all in the name, after all.",来源章节: Clothing & Accessories | [See Review & Buying Options](https://www.packhacker.com/travel-gear/encircled/womens-dressy-sweatpant/),3,draft
PKH-ROAD-013,Road Trip Packing List,https://www.packhacker.com/packing-list/road-trip-essentials/,Pack Hacker,en,article,,,,road trip / car travel / mixed activities,以公路旅行为主，兼顾车内收纳、途中活动与多天气适配。,lululemon Hotty Hot Short II,,lululemon Hotty Hot Short II,clothing,to_pack,undecided,,lululemon Hotty Hot,,"Breathable and short (without looking excessively short), these lululemon shorts are great for hot days exploring the city, hiking up a mountain, or getting your exercise on. We like that they have two pockets—one zippered, one stash—for extra cash or cards. Plus, they’re available in a range of colors, so you can (hopefully) find one that you like.",来源章节: Clothing & Accessories | [See Details & Buying Options](https://www.packhacker.com/travel-gear/lululemon/hotty-hot-short-ii/),3,draft
PKH-ROAD-014,Road Trip Packing List,https://www.packhacker.com/packing-list/road-trip-essentials/,Pack Hacker,en,article,,,,road trip / car travel / mixed activities,以公路旅行为主，兼顾车内收纳、途中活动与多天气适配。,Icebreaker 175 Everyday Short Sleeve Crewe,,Icebreaker 175 Everyday Short Sleeve Crewe,clothing,to_pack,undecided,,Icebreaker 175 Everyday,,"The odor-resistant, temperature-regulating, and moisture-wicking properties of this Merino wool t-shirt are a must for long days in the car or out exploring—plus it’s nice enough you can get away with wearing it out to dinner. It’s wrinkle-resistant too, so you can pull it out of your duffle, throw it on, and look sharp. Need we say more?",来源章节: Clothing & Accessories | [See Details & Buying Options](https://www.packhacker.com/travel-gear/icebreaker/175-everyday-short-sleeve-crewe/) | [$59.78 on Amazon](https://www.amazon.com/dp/B078W6TFV9?tag=23ph-20&linkCode=ogi&th=1&psc=1) [$58.02 on Amazon](https://www.amazon.com/dp/B078WG96BZ?tag=23ph-20&linkCode=ogi&th=1&psc=1),3,draft
PKH-ROAD-015,Road Trip Packing List,https://www.packhacker.com/packing-list/road-trip-essentials/,Pack Hacker,en,article,,,,road trip / car travel / mixed activities,以公路旅行为主，兼顾车内收纳、途中活动与多天气适配。,Patagonia Women’s Capilene Cool Trail Tank Top,,Patagonia Women’s Capilene Cool Trail Tank Top,clothing,to_pack,undecided,,Patagonia Women,,"This tank is quick-drying, so you don’t have to sit in discomfort after spilling your water bottle all over yourself when driving over a pothole. Plus, it’s moisture-wicking and has solid odor control. As its name suggests, it’s best for active days on the trails, but all of those aforementioned features mean it's great for driving days too. You can also rock it in the city if you’re going for a sporty look. NOTE: Patagonia is in the process of updating the Capilene line to provide 50+ UPF prote",来源章节: Clothing & Accessories | [See Details & Buying Options](https://www.packhacker.com/travel-gear/patagonia/womens-capilene-cool-trail-tank-top/),3,draft
PKH-ROAD-016,Road Trip Packing List,https://www.packhacker.com/packing-list/road-trip-essentials/,Pack Hacker,en,article,,,,road trip / car travel / mixed activities,以公路旅行为主，兼顾车内收纳、途中活动与多天气适配。,Patagonia Women’s Fleetwith Romper,,Patagonia Women’s Fleetwith Romper,clothing,to_pack,undecided,,Patagonia Women,,"Perfect for those days when you can’t be bothered to wear separates, this romper is soft, stretchy, and comfortable. It has also been treated with a durable water repellent (DWR) to repel moisture. The small details—like the crisscrossed straps on the back, scalloped hem, and draped waist elevate the romper’s look and make it easy to dress it up. So, you can wear it both on a lazy day at the campground and a night out on the town.",来源章节: Clothing & Accessories | [See Details & Buying Options](https://www.packhacker.com/travel-gear/patagonia/womens-fleetwith-romper/) | [View on Patagonia](https://patagonia.pxf.io/GmN91E) [View on Backcountry](https://backcountry.tnu8.net/c/381569/358742/5311?tt=el&merchant_id&website_id&u=https%3A%2F%2Fwww.backcountry.com%2Fpatagonia-fleetwith-romper-womens),3,draft
PKH-ROAD-017,Road Trip Packing List,https://www.packhacker.com/packing-list/road-trip-essentials/,Pack Hacker,en,article,,,,road trip / car travel / mixed activities,以公路旅行为主，兼顾车内收纳、途中活动与多天气适配。,Eleven By Venus Lucky Bralette,,Eleven By Venus Lucky Bralette,clothing,to_pack,undecided,,Eleven By Venus,,"A versatile sports bra that will work for low-impact activities, including hiking, yoga, or a bike tour through the city. You can wear it beneath a tank or on its own. In fact, we think it’s sleek enough that you could get away with wearing it with a jacket and jeans for a night out (of course that depends on your style preferences). It's also double lined for extra support, quick-drying, and has UPF50+ protection.",来源章节: Clothing & Accessories | [See Details & Buying Options](https://www.packhacker.com/travel-gear/eleven-by-venus/lucky-bralette/),3,draft
PKH-ROAD-018,Road Trip Packing List,https://www.packhacker.com/packing-list/road-trip-essentials/,Pack Hacker,en,article,,,,road trip / car travel / mixed activities,以公路旅行为主，兼顾车内收纳、途中活动与多天气适配。,Breezy Tee Black Boho Headband,,Breezy Tee Black Boho Headband,clothing,to_pack,undecided,,Breezy Tee Black,,"A headband is a versatile tool to have in your arsenal. It can help out a bad hair day, keep your hair out of your face, and elevate an outfit. We’re digging this one as it can be worn in two ways (more versatility!) and has a soft, silky material. Plus, Breezy Tee uses 100% recycled materials in its packaging, which is a huge plus in our books.",来源章节: Clothing & Accessories | [See Details & Buying Options](https://www.packhacker.com/travel-gear/breezy-tee/black-boho-headband/) | [View on Breezy Tee](https://breezytee.com/collections/silk-turban-headbands),3,draft
PKH-ROAD-019,Road Trip Packing List,https://www.packhacker.com/packing-list/road-trip-essentials/,Pack Hacker,en,article,,,,road trip / car travel / mixed activities,以公路旅行为主，兼顾车内收纳、途中活动与多天气适配。,Patagonia Better Sweater Fleece Jacket,,Patagonia Better Sweater Fleece Jacket,clothing,to_pack,undecided,,Patagonia Better Sweater,,"Perfect for stargazing on chilly nights or when sharing a car with someone who loves to blast the air conditioning, this sweater is the epitome of cozy. It’s soft and warm, yet breathable. You’ll likely never want to take it off. And, of course, being from Patagonia, it’s also made from 100% recycled polyester and is Fair Trade Certified™ sewn.",来源章节: Clothing & Accessories | [See Details & Buying Options](https://www.packhacker.com/travel-gear/patagonia/better-sweater-fleece-jacket/) | [$139.00 on REI](https://rei.pxf.io/c/1259410/1448521/17195?u=https%3A%2F%2Fwww.rei.com%2Fproduct%2F154144%2Fpatagonia-better-sweater-fleece-jacket-mens) [$139.00 on REI](https://rei.pxf.io/c/1259410/1448521/17195?u=https%3A%2F%2Fwww.rei.com%2Fproduct%2F153992%2Fpatagonia-better-sweater-fleece-jacket-womens),3,draft
PKH-ROAD-020,Road Trip Packing List,https://www.packhacker.com/packing-list/road-trip-essentials/,Pack Hacker,en,article,,,,road trip / car travel / mixed activities,以公路旅行为主，兼顾车内收纳、途中活动与多天气适配。,iOttie iTap Magnetic 2 Air Vent Mount,,iOttie iTap Magnetic 2 Air Vent Mount,electronics,to_pack,undecided,,iOttie iTap Magnetic,,"While you can hit the road without a phone mount, we don’t suggest it. Not only is it more convenient to follow GPS directions with your phone mounted, it’s safer to boot. We’re digging this magnetic mount, which is pretty universal and will work with most smartphones, cases, and GPS devices. Plus, the magnet is super clean compared to other mount styles: no adhesive to stick to (and damage) your dash, no bulkiness, and easy to use one-handed.",来源章节: Productivity & Tech | [See Details & Buying Options](https://www.packhacker.com/travel-gear/iottie/itap-magnetic-2-air-vent-mount/) | [$29.95 on iOttie](https://shareasale.com/r.cfm?b=1969336&u=1595555&m=122343&urllink=www%2Eiottie%2Ecom%2Fproduct%2Fitap%2Dmagnetic%2D2%2Dair%2Dvent%2F&afftrack=) [$24.48 on Amazon](https://www.amazon.com/dp/B07HGDWLNM?tag=23ph-20&linkCode=ogi&th=1&psc=1),3,draft
PKH-ROAD-021,Road Trip Packing List,https://www.packhacker.com/packing-list/road-trip-essentials/,Pack Hacker,en,article,,,,road trip / car travel / mixed activities,以公路旅行为主，兼顾车内收纳、途中活动与多天气适配。,JOBY GripTight ONE,,JOBY GripTight ONE,electronics,to_pack,undecided,,JOBY GripTight ONE,,"An excellent tripod to keep your phone steady, so you can take photos or videos of your legendary trip. The flexible legs wrap around a variety of surfaces, allowing you to capture moments you would otherwise miss. Plus, it’s so small, you’ll hardly notice it in your car.",来源章节: Productivity & Tech | [See Details & Buying Options](https://www.packhacker.com/travel-gear/joby/griptight-one/) | [$21.95 on JOBY](https://go.skimresources.com/?id=104287X1560979&xs=1&url=https%3A%2F%2Fjoby.com%2Fglobal%2Fcatalogsearch%2Fresult%2F%2F%3Fq%3Dgriptight%2520one) [$24.99 on Amazon](https://www.amazon.com/dp/B01NGTBA3E?tag=23ph-20&linkCode=ogi&th=1&psc=1),3,draft
PKH-ROAD-022,Road Trip Packing List,https://www.packhacker.com/packing-list/road-trip-essentials/,Pack Hacker,en,article,,,,road trip / car travel / mixed activities,以公路旅行为主，兼顾车内收纳、途中活动与多天气适配。,Anker PowerDrive Speed+ 2 Car Charger,,Anker PowerDrive Speed+ 2 Car Charger,electronics,to_pack,undecided,,Anker PowerDrive Speed,,"We probably don’t need to convince you that a USB car adapter is a useful tool to have on the road. We like this one since it’s small and has two outlets, so you don’t have to fight over who needs to charge their phone the most…Unless there are more than two of you in the car. In which case, may we suggest rock-paper-scissors?",来源章节: Productivity & Tech | [See Details & Buying Options](https://www.packhacker.com/travel-gear/anker/powerdrive-speed-2-car-charger/),3,draft
PKH-ROAD-023,Road Trip Packing List,https://www.packhacker.com/packing-list/road-trip-essentials/,Pack Hacker,en,article,,,,road trip / car travel / mixed activities,以公路旅行为主，兼顾车内收纳、途中活动与多天气适配。,Anker PowerLine III Flow (x3),,Anker PowerLine III Flow (x3),electronics,to_pack,undecided,3,Anker PowerLine III,,"You need a phone cable to go with the car charger—or plug directly into your head unit. Anker is a brand we’ve had good luck with. Three feet is a great size as you don’t want anything too long—all the extra cable will get annoying. Conversely, too short will also be annoying. We like to pack multiple cables, either for sharing with car mates or to keep one in our tech kit and a couple in the car.",来源章节: Productivity & Tech | [See Details & Buying Options](https://www.packhacker.com/travel-gear/anker/powerline-iii-flow/) | [$16.99 on Amazon](https://www.amazon.com/dp/B08H87VZJ9?tag=23ph-20&linkCode=ogi&th=1&psc=1) [$24.99 on Anker](https://click.linksynergy.com/deeplink?id=bn/GMNT0XSM&mid=43469&murl=https%3A%2F%2Fus.anker.com%2Fpages%2Fpowerlineiiiflow),3,draft
PKH-ROAD-024,Road Trip Packing List,https://www.packhacker.com/packing-list/road-trip-essentials/,Pack Hacker,en,article,,,,road trip / car travel / mixed activities,以公路旅行为主，兼顾车内收纳、途中活动与多天气适配。,WANDRD The Travel Journal,,WANDRD The Travel Journal,electronics,to_pack,undecided,,WANDRD The Travel,,"If you’re the type of person who likes to put pen to paper, you’ll likely love this travel journal. It helps you plan your trip—with spots to jot down research, keep track of reservations, and budget. Plus, there’s a travel log to memorialize your epic adventures. There’s enough space inside for twelve (!) dedicated trips.",来源章节: Productivity & Tech | [See Details & Buying Options](https://www.packhacker.com/travel-gear/wandrd/the-travel-journal/),3,draft
PKH-ROAD-025,Road Trip Packing List,https://www.packhacker.com/packing-list/road-trip-essentials/,Pack Hacker,en,article,,,,road trip / car travel / mixed activities,以公路旅行为主，兼顾车内收纳、途中活动与多天气适配。,Black Diamond Astro 300-R Headlamp,,Black Diamond Astro 300-R Headlamp,electronics,to_pack,undecided,,Black Diamond Astro,,"A headlamp is essential for camping and hiking—unless you have special night-vision magical powers, of course. But it’s also nice-to-have in other situations (say if you want to stay up reading all night, but your roommate wants lights out). We like that this one has a variety of brightness settings, an option for red light, and a “memory” that lets you turn on your chosen brightness without cycling through all the options. Plus—it’s highly water-resistant (rated Rated IPX4), so you don’t have t",来源章节: Productivity & Tech | [See Details & Buying Options](https://www.packhacker.com/travel-gear/black-diamond/astro-300-r-headlamp/),3,draft
PKH-ROAD-026,Road Trip Packing List,https://www.packhacker.com/packing-list/road-trip-essentials/,Pack Hacker,en,article,,,,road trip / car travel / mixed activities,以公路旅行为主，兼顾车内收纳、途中活动与多天气适配。,Bagby Silent Digital-Free Alarm Clock,,Bagby Silent Digital-Free Alarm Clock,electronics,to_pack,undecided,,Bagby Silent Digital-Free,,"A dedicated alarm clock is a weird and specific thing to pack, we know. But you don’t want to leave your phone on at night—say if you’re camping or sleeping in your car—because it will kill the battery (or drain your battery bank). This is a solid workaround. It’s small, somewhat durable, and totally silent (as in you won’t hear it tick, not that the alarm itself is silent).",来源章节: Productivity & Tech | [See Details & Buying Options](https://www.packhacker.com/travel-gear/bagby/silent-digital-free-alarm-clock/),3,draft
PKH-ROAD-027,Road Trip Packing List,https://www.packhacker.com/packing-list/road-trip-essentials/,Pack Hacker,en,article,,,,road trip / car travel / mixed activities,以公路旅行为主，兼顾车内收纳、途中活动与多天气适配。,BESTEK 300W Power Inverter,,BESTEK 300W Power Inverter,electronics,to_pack,undecided,,BESTEK 300W Power,,"There are lots of power inverters on the market, but we’re digging this middle of the road option. It has decent wattage—it will charge most things that need charging (laptop, e-reader, phone)—but isn’t overkill. The two outlets and two USB ports are helpful to have, plus there’s a built-in fuse for safety. It’s also relatively compact, so it won’t take up too much space in your car.",来源章节: Productivity & Tech | [See Details & Buying Options](https://www.packhacker.com/travel-gear/bestek/300w-power-inverter/),3,draft
PKH-ROAD-028,Road Trip Packing List,https://www.packhacker.com/packing-list/road-trip-essentials/,Pack Hacker,en,article,,,,road trip / car travel / mixed activities,以公路旅行为主，兼顾车内收纳、途中活动与多天气适配。,Fulton & Roark Solid Cologne,,Fulton & Roark Solid Cologne,toiletries,to_pack,undecided,,Fulton & Roark,,"Cologne won’t completely mask your haven’t-taken-a-shower-in-a-week odor, but it will help. Fulton & Roark offers several scents to choose from, so you should be able to find a fragrance that suits you. (Check out the full review for our team’s favorite scents.) And, because it’s solid, you don’t have to worry about spills.",来源章节: Toiletries & Personal Care | [See Review & Buying Options](https://www.packhacker.com/travel-gear/fulton-roark/solid-cologne-2/) | [$60.00 on Fulton & Roark](https://fultonandroark.com/collections/solid-fragrances) [View on Amazon](https://www.amazon.com/stores/FultonRoark/FultonRoark/page/4CAD2AE8-5947-4349-A64F-450A8CABE165?ie=UTF8&linkCode=ll2&tag=irfbggearultralightbackpackinggear-20&linkId=db91372ae56be42816a4542ea9f3a433&language=en_US&ref_=as_li_ss_tl),3,draft
PKH-ROAD-029,Road Trip Packing List,https://www.packhacker.com/packing-list/road-trip-essentials/,Pack Hacker,en,article,,,,road trip / car travel / mixed activities,以公路旅行为主，兼顾车内收纳、途中活动与多天气适配。,Blossom Menstrual Cup,,Blossom Menstrual Cup,toiletries,to_pack,undecided,,Blossom Menstrual Cup,,"If you haven’t used a menstrual cup before, it may take some time to get used to (we suggest trying it out before your road trip). But, once you get used to it, it’s amazing to have on the road. You can use it for up to 12 consecutive hours, so you don’t have to clean it at questionable rest stops. Plus, the Blossom Cup doesn’t use any harmful rubber or plastics and comes in at a super affordable price point.",来源章节: Toiletries & Personal Care | [See Details & Buying Options](https://www.packhacker.com/travel-gear/blossom/menstrual-cup-2/),3,draft
PKH-ROAD-030,Road Trip Packing List,https://www.packhacker.com/packing-list/road-trip-essentials/,Pack Hacker,en,article,,,,road trip / car travel / mixed activities,以公路旅行为主，兼顾车内收纳、途中活动与多天气适配。,Lush Solid Perfume,,Lush Solid Perfume,toiletries,to_pack,undecided,,Lush Solid Perfume,,"Perfect for those days you want to smell extra nice (or when your deodorant needs some help in masking your haven’t-taken-a-shower-in-a-week odor). Lush offers several different fragrances, so you should be able to find a smell that works for you. Plus, it’s solid, so you don’t have to worry about spills.",来源章节: Toiletries & Personal Care | [See Details & Buying Options](https://www.packhacker.com/travel-gear/lush/solid-perfume/),3,draft
PKH-ROAD-031,Road Trip Packing List,https://www.packhacker.com/packing-list/road-trip-essentials/,Pack Hacker,en,article,,,,road trip / car travel / mixed activities,以公路旅行为主，兼顾车内收纳、途中活动与多天气适配。,Gravel Explorer PLUS Toiletry Bag,,Gravel Explorer PLUS Toiletry Bag,toiletries,to_pack,undecided,,Gravel Explorer PLUS,,"We like this Dopp kit for a couple of reasons. 1) It hangs up, which is an important feature for showering at gyms or campsites, and 2) It has a highly water-resistant pouch that you can take out of the kit and into the shower without worrying about it taking forever to dry. Note that there is a ton of organization inside of this bag, which may be right up your alley or feel limiting, depending on your travel style.",来源章节: Toiletries & Personal Care | [See Review & Buying Options](https://www.packhacker.com/travel-gear/gravel/explorer-plus-toiletry-bag/) | [lock Pro Members get up to 15% off Gravel](https://www.packhacker.com/pro/),3,draft
PKH-ROAD-032,Road Trip Packing List,https://www.packhacker.com/packing-list/road-trip-essentials/,Pack Hacker,en,article,,,,road trip / car travel / mixed activities,以公路旅行为主，兼顾车内收纳、途中活动与多天气适配。,Gravel Soft 3oz Liquid Bottles,,Gravel Soft 3oz Liquid Bottles,toiletries,to_pack,undecided,,Gravel Soft 3oz,,"You don’t need to abide by airline liquid rules, but we still prefer to put our liquids into small containers to save space. These toiletry bottles have been designed to fit perfectly inside the Gravel Toiletry Bag, but their unique shape means they fit together nicely to save space inside of any Dopp kit. We suggest using them for whatever liquids you plan to take with you on the road. Say conditioner and hair gel.",来源章节: Toiletries & Personal Care | [See Review & Buying Options](https://www.packhacker.com/travel-gear/gravel/soft-3oz-liquid-bottles/) | [lock Pro Members get up to 15% off Gravel](https://www.packhacker.com/pro/),3,draft
PKH-ROAD-033,Road Trip Packing List,https://www.packhacker.com/packing-list/road-trip-essentials/,Pack Hacker,en,article,,,,road trip / car travel / mixed activities,以公路旅行为主，兼顾车内收纳、途中活动与多天气适配。,DEAL,,DEAL,toiletries,to_pack,undecided,,DEAL,,"Sure, you don’t need a fancy soap case, but this thing is super nice to have. It’s not rigid like a hard-sided case—so it’s easier to pack—and it’s also way better than a plastic bag. The technical makeup of the case also allows the soap to dry out while being totally watertight, meaning your Dopp Kit and all your gear stays dry. Yeah, it’s basically magic.",来源章节: Toiletries & Personal Care | [See Review & Buying Options](https://www.packhacker.com/travel-gear/matador/flatpak-soap-bar-case/) | [lock Pro Members get up to 20% off Matador](https://www.packhacker.com/pro/),3,draft
PKH-ROAD-034,Road Trip Packing List,https://www.packhacker.com/packing-list/road-trip-essentials/,Pack Hacker,en,article,,,,road trip / car travel / mixed activities,以公路旅行为主，兼顾车内收纳、途中活动与多天气适配。,PackTowl Personal Towel,,PackTowl Personal Towel,toiletries,to_pack,undecided,,PackTowl Personal Towel,,"A microfiber, antimicrobial towel is about the most massively useful thing a road tripper might have (any Hitchhiker's Guide to the Galaxy fans out there? No?). In all seriousness, this microfiber towel is super handy. It’s necessary if you plan to shower at a campsite or gym, but also nice-to-have in case your Airbnb forgets to supply a towel. It’s also great for beach trips or picnics. The antimicrobial properties of the towel mean that smells are kept to a minimum and that you don’t have to w",来源章节: Toiletries & Personal Care | [See Review & Buying Options](https://www.packhacker.com/travel-gear/packtowl/personal-towel/),3,draft
PKH-ROAD-035,Road Trip Packing List,https://www.packhacker.com/packing-list/road-trip-essentials/,Pack Hacker,en,article,,,,road trip / car travel / mixed activities,以公路旅行为主，兼顾车内收纳、途中活动与多天气适配。,Viva Naturals Organic Extra Virgin Coconut Oil,,Viva Naturals Organic Extra Virgin Coconut Oil,toiletries,to_pack,undecided,,Viva Naturals Organic,,"You might not know, but coconut oil is a triple threat. It’s a great way to moisturize your skin after spending all day in the sun. Plus, you can use to strengthen and de-frizz your hair, and, finally, you can cook with it. We like that this one is organic with no added chemicals.",来源章节: Toiletries & Personal Care | [See Details & Buying Options](https://www.packhacker.com/travel-gear/viva-naturals/organic-extra-virgin-coconut-oil/),3,draft
PKH-ROAD-036,Road Trip Packing List,https://www.packhacker.com/packing-list/road-trip-essentials/,Pack Hacker,en,article,,,,road trip / car travel / mixed activities,以公路旅行为主，兼顾车内收纳、途中活动与多天气适配。,Welly Human Repair Kit,,Welly Human Repair Kit,toiletries,to_pack,undecided,,Welly Human Repair,,"While this first aid kit doesn’t have a bunch of trauma stuff, it should take care of most minor ailments (and if you need trauma supplies, you should probably seek medical attention anyway). We like the extra hand-sanitizer and the addition of the anti-itch ointment. It’s also relatively small, so you can easily keep it in your middle console or glove box.",来源章节: Toiletries & Personal Care | [See Details & Buying Options](https://www.packhacker.com/travel-gear/welly/human-repair-kit/),3,draft
PKH-ROAD-037,Road Trip Packing List,https://www.packhacker.com/packing-list/road-trip-essentials/,Pack Hacker,en,article,,,,road trip / car travel / mixed activities,以公路旅行为主，兼顾车内收纳、途中活动与多天气适配。,Tide To Go Instant Stain Remover,,Tide To Go Instant Stain Remover,toiletries,to_pack,undecided,,Tide To Go,,"Stains happen on road trips. Like a lot. Whether it’s dropping melted chocolate onto your shorts while making s’mores around the campfire, spilling coffee on your shirt after hitting the road early, or rubbing dirt into your sweater on a picnic. A Tide to Go Pen won’t alleviate every stain out there, but it gets rid of most stains with just a few pats.",来源章节: Toiletries & Personal Care | [See Details & Buying Options](https://www.packhacker.com/travel-gear/tide/to-go-instant-stain-remover/),3,draft
PKH-ROAD-038,Road Trip Packing List,https://www.packhacker.com/packing-list/road-trip-essentials/,Pack Hacker,en,article,,,,road trip / car travel / mixed activities,以公路旅行为主，兼顾车内收纳、途中活动与多天气适配。,YETI Hopper Flip 18 Soft Cooler,,YETI Hopper Flip 18 Soft Cooler,nutrition,to_pack,undecided,,YETI Hopper Flip,,"YETI made a name for itself by taking the cooler world by storm, so, yeah, we’re going to recommend a YETI cooler. It keeps ice really well—we’re talking days in the right conditions—so you don’t have to continually buy ice. We recommend this soft-sided style as it can kind of expand or contract based on how full it is, can be jammed into places, and has a flat top, so you can throw some stuff on top of it. YETI also offers larger sizes if you think you’ll need that extra space.",来源章节: Cooking | [See Details & Buying Options](https://www.packhacker.com/travel-gear/yeti/hopper-flip-18-soft-cooler/),3,draft
PKH-ROAD-039,Road Trip Packing List,https://www.packhacker.com/packing-list/road-trip-essentials/,Pack Hacker,en,article,,,,road trip / car travel / mixed activities,以公路旅行为主，兼顾车内收纳、途中活动与多天气适配。,GSI Outdoors Halulite 1 Qt. Tea Kettle,,GSI Outdoors Halulite 1 Qt. Tea Kettle,nutrition,to_pack,undecided,,GSI Outdoors Halulite,,"You can use this lightweight tea kettle for far more than making tea. Boil water for instant oatmeal, coffee, sanitation purposes, etc. The one-liter size of this kettle is large enough you can boil enough water for the aforementioned activities (you can always fill it and boil it twice if need be), but not so large that it will take up precious space in your car. The coated handle is nice to grip.",来源章节: Cooking | [See Details & Buying Options](https://www.packhacker.com/travel-gear/gsi-outdoors/halulite-1-qt-tea-kettle/),3,draft
PKH-ROAD-040,Road Trip Packing List,https://www.packhacker.com/packing-list/road-trip-essentials/,Pack Hacker,en,article,,,,road trip / car travel / mixed activities,以公路旅行为主，兼顾车内收纳、途中活动与多天气适配。,MSR Alpine Nesting Bowl,,MSR Alpine Nesting Bowl,nutrition,to_pack,undecided,,MSR Alpine Nesting,,"This stainless steel bowl is great for eating on the road. First of all, it cleans up ridiculously easily. If you’re in a pinch, you can pour a little water into the bottom, clean off any gunk with your finger, rinse, and you're good to go. It’s also lightweight and small, but deep enough that you can fit a good amount of food inside. And, if you need more than one, they stack into each other nicely. Our only caveat is that it can get hot to the touch when you fill it with hot food, so keep that",来源章节: Cooking | [See Details & Buying Options](https://www.packhacker.com/travel-gear/msr/alpine-nesting-bowl/) | [$12.95 on Amazon](https://www.amazon.com/dp/B00G7H8M8C?tag=23ph-20&linkCode=ogi&th=1&psc=1) [$12.95 on MSR](https://www.avantlink.com/click.php?tt=el&merchant_id=ff8ec40c-68a1-421f-9ba7-c787dc5ebc8e&website_id=a96d6cb1-b2bd-48b9-b5e5-4bed31cb2e84&url=https%3A%2F%2Fcascadedesigns.com%2Fproducts%2Falpine-nesting-bowl%3F_pos%3D1%26_sid%3D221a513b0%26_ss%3Dr),3,draft
PKH-ROAD-041,Road Trip Packing List,https://www.packhacker.com/packing-list/road-trip-essentials/,Pack Hacker,en,article,,,,road trip / car travel / mixed activities,以公路旅行为主，兼顾车内收纳、途中活动与多天气适配。,Ultimate Survival Technologies FlexWare Sink 2.0,,Ultimate Survival Technologies FlexWare Sink 2.0,nutrition,to_pack,undecided,,Ultimate Survival Technologies,,"Yes, we’re telling you to pack everything and the kitchen sink (ha!). But, seriously, you can’t actually travel with your sink, so this is the next best thing. You can fill it up with soapy water—or just use it to catch your dirty dishwater—to clean up your cooking mess while at a campground, rest stop, or super cheap Airbnb that doesn’t have a kitchen. Just make sure you properly dispose of the water.",来源章节: Cooking | [See Details & Buying Options](https://www.packhacker.com/travel-gear/ultimate-survival-technologies/flexware-sink-2-0/),3,draft
PKH-ROAD-042,Road Trip Packing List,https://www.packhacker.com/packing-list/road-trip-essentials/,Pack Hacker,en,article,,,,road trip / car travel / mixed activities,以公路旅行为主，兼顾车内收纳、途中活动与多天气适配。,REI Multi Towel,,REI Multi Towel,nutrition,to_pack,undecided,,REI Multi Towel,,"If you’ve spent any time in a kitchen then you probably know why a towel is handy when it comes to cooking. The same is true on the road. (Hint: it’s primarily for drying dishes and your hands. You can also use it as an oven mitt to hold your stainless steel bowl when it’s super hot.) This microfiber towel is perfect for travel as it dries quickly, so you can throw it back in the car after a quick pit-stop without having to worry about weird damp towel smells.",来源章节: Cooking | [See Details & Buying Options](https://www.packhacker.com/travel-gear/rei/multi-towel/),3,draft
PKH-ROAD-043,Road Trip Packing List,https://www.packhacker.com/packing-list/road-trip-essentials/,Pack Hacker,en,article,,,,road trip / car travel / mixed activities,以公路旅行为主，兼顾车内收纳、途中活动与多天气适配。,Squish 5 Quart Collapsible Mixing Bowl,,Squish 5 Quart Collapsible Mixing Bowl,nutrition,to_pack,undecided,,Squish 5 Quart,,"It’s super convenient to have a big ole mixing bowl while cooking on the road. You can use it to store chopped up veggies before sautéing them, to hold giant salads, or do other large mixing bowl activities. We like that this one collapses into a small size, so it won’t take up space whenever not in use.",来源章节: Cooking | [See Details & Buying Options](https://www.packhacker.com/travel-gear/squish/5-quart-collapsible-mixing-bowl/),3,draft
PKH-ROAD-044,Road Trip Packing List,https://www.packhacker.com/packing-list/road-trip-essentials/,Pack Hacker,en,article,,,,road trip / car travel / mixed activities,以公路旅行为主，兼顾车内收纳、途中活动与多天气适配。,United By Blue Ravine Packable Tote,,United By Blue Ravine Packable Tote,nutrition,to_pack,undecided,,United By Blue,,"Plastic and paper grocery bags can make your car dirty in the blink of an eye. Plus, they’re not great for the environment. We’re digging this tote since it packs into a tiny size to stay out of your way when not in use. The included carabiner clip is also handy—you can clip it to your keychain, the exterior of your bag, or wherever else to ensure it doesn’t get lost in the black hole that is your trunk. And it works for far more than groceries—take it to the beach, on a picnic, or wherever else",来源章节: Cooking | [See Details & Buying Options](https://www.packhacker.com/travel-gear/united-by-blue/ravine-packable-tote/) | [$15.00 on United By Blue](https://unitedbyblue.com/products/packable-tote),3,draft
PKH-ROAD-045,Road Trip Packing List,https://www.packhacker.com/packing-list/road-trip-essentials/,Pack Hacker,en,article,,,,road trip / car travel / mixed activities,以公路旅行为主，兼顾车内收纳、途中活动与多天气适配。,Stasher Reusable Silicone Bags,,Stasher Reusable Silicone Bags,nutrition,to_pack,undecided,,Stasher Reusable Silicone,,"Cooking on the road can be a hassle, so it’s important to keep leftovers when you can. Stasher Bags are a great way to do that. First of all, they’re better for the environment than disposable plastic bags. But they also work better—you can throw them in the cooler without worrying about melted ice water penetrating the silicone exterior and turning last night’s dinner into water-logged mush. Additionally, you can eat straight out of them. These bags also work well for snacks—you can partition o",来源章节: Cooking | [See Review & Buying Options](https://www.packhacker.com/travel-gear/stasher/reusable-silicone-bags/) | [$19.99 on Stasher](https://stasher.thj6q2.net/d6LWM) [$57.95 on EarthHero](https://www.awin1.com/cread.php?awinmid=23846&awinaffid=461092&ued=https%3A%2F%2Fearthhero.com%2Fproduct-category%2Fstasher) [$54.99 on Amazon](https://www.amazon.com/dp/B087XBR564?tag=23ph-20&linkCode=ogi&th=1&psc=1),3,draft
PKH-ROAD-046,Road Trip Packing List,https://www.packhacker.com/packing-list/road-trip-essentials/,Pack Hacker,en,article,,,,road trip / car travel / mixed activities,以公路旅行为主，兼顾车内收纳、途中活动与多天气适配。,Primus CampFire Cookset S/S – Large,,Primus CampFire Cookset S/S – Large,nutrition,to_pack,undecided,,Primus CampFire Cookset,,"You may not be able to make intricate, complicated meals with this cook set, but the two pots and pan allow you to cook a good variety of things. They nest inside of each other and tuck into a handy carrying bag, which makes for easy packing. The pots also have a strainer built into the lid, so you can drain pasta (or other things) without having to pack a separate colander.",来源章节: Cooking | [See Details & Buying Options](https://www.packhacker.com/travel-gear/primus/campfire-cookset-s-s-large/),3,draft
PKH-ROAD-047,Road Trip Packing List,https://www.packhacker.com/packing-list/road-trip-essentials/,Pack Hacker,en,article,,,,road trip / car travel / mixed activities,以公路旅行为主，兼顾车内收纳、途中活动与多天气适配。,Coleman Classic Propane Stove,,Coleman Classic Propane Stove,nutrition,to_pack,undecided,,Coleman Classic Propane,,"When it comes to camping stoves, this one from Coleman is luxurious. The two burners allow you to make meals that require cooking multiple things at the same time—think grilling up veggies and cooking rice. It’s also durable, simple to use, and has a range of flame size. Plus, it packs up nicely.",来源章节: Cooking | [See Details & Buying Options](https://www.packhacker.com/travel-gear/coleman/classic-propane-stove/),3,draft
PKH-ROAD-048,Road Trip Packing List,https://www.packhacker.com/packing-list/road-trip-essentials/,Pack Hacker,en,article,,,,road trip / car travel / mixed activities,以公路旅行为主，兼顾车内收纳、途中活动与多天气适配。,Coleman Propane Fuel Cylinder – 16.4 oz,,Coleman Propane Fuel Cylinder – 16.4 oz,nutrition,to_pack,undecided,,Coleman Propane Fuel,,"Fuel for your stove—need we say more? Actually, yes, we do have more to say. Make sure you keep an eye out of how much propane you have left, so you don’t roll up to your campsite hangry and tired only to realize you can’t use your stove. Also, be sure to responsibly dispose of empty canisters.",来源章节: Cooking | [See Details & Buying Options](https://www.packhacker.com/travel-gear/coleman/propane-fuel-cylinder-16-4-oz/),3,draft
PKH-ROAD-049,Road Trip Packing List,https://www.packhacker.com/packing-list/road-trip-essentials/,Pack Hacker,en,article,,,,road trip / car travel / mixed activities,以公路旅行为主，兼顾车内收纳、途中活动与多天气适配。,Aeropress Coffee Maker,,Aeropress Coffee Maker,nutrition,to_pack,undecided,,Aeropress Coffee Maker,,"There are several ways to make coffee on the road, but we’re partial to an AeroPress. Sure, it’s not the easiest option out there, but it makes such exceptional coffee that we think the trade-off is worth it. And, yeah, it may not be as easy as a pour over, but it’s also not rocket science.",来源章节: Cooking | [See Details & Buying Options](https://www.packhacker.com/travel-gear/aeropress/coffee-maker/),3,draft
PKH-ROAD-050,Road Trip Packing List,https://www.packhacker.com/packing-list/road-trip-essentials/,Pack Hacker,en,article,,,,road trip / car travel / mixed activities,以公路旅行为主，兼顾车内收纳、途中活动与多天气适配。,Sterilite 6qt Clear Storage Box White Lid (x2),,Sterilite 6qt Clear Storage Box White Lid (x2),nutrition,to_pack,undecided,2,Sterilite 6qt Clear,,"These plastic bins are a great, affordable option to organize your cooking supplies. You can easily grab them from the backseat of your car and set them on a picnic table whenever you’re ready to fire up the stove. Use one for traditional supplies—think chef’s knife, bowl, spork, lighter, etc. Use the other for bottles—olive oil, soy sauce, etc—and spices that you’ll want handy while cooking (note that if you want to store taller bottles standing up, you won't be able to keep the lid on).",来源章节: Cooking | [See Details & Buying Options](https://www.packhacker.com/travel-gear/sterilite/6qt-clear-storage-box-white-lid/),3,draft
PKH-ROAD-051,Road Trip Packing List,https://www.packhacker.com/packing-list/road-trip-essentials/,Pack Hacker,en,article,,,,road trip / car travel / mixed activities,以公路旅行为主，兼顾车内收纳、途中活动与多天气适配。,Sterilite 32qt Clear View Storage Bin with Latch,,Sterilite 32qt Clear View Storage Bin with Latch,nutrition,to_pack,undecided,,Sterilite 32qt Clear,,"This flat storage bin easily slides into backseats and trunks, so it’s a good place to keep all of your non-perishable food (cans of beans, boxes of pasta, etc). Plus, it’s clear, so you can see what food you have and how much you have left at a glance.",来源章节: Cooking | [See Details & Buying Options](https://www.packhacker.com/travel-gear/sterilite/32qt-clear-view-storage-bin-with-latch/),3,draft
PKH-ROAD-052,Road Trip Packing List,https://www.packhacker.com/packing-list/road-trip-essentials/,Pack Hacker,en,article,,,,road trip / car travel / mixed activities,以公路旅行为主，兼顾车内收纳、途中活动与多天气适配。,Reliance Aqua-Tainer – 7 Gal.,,Reliance Aqua-Tainer – 7 Gal.,nutrition,to_pack,undecided,,Reliance Aqua-Tainer,,"Not only do you need water for drinking, but it’s necessary for cooking and cleaning up too. We like this container because its shape is designed for easy pouring, the spigot makes doing dishes easy (well, easier), and 7L is a great size.",来源章节: Cooking | [See Details & Buying Options](https://www.packhacker.com/travel-gear/reliance/aqua-tainer-7-gal/),3,draft
PKH-ROAD-053,Road Trip Packing List,https://www.packhacker.com/packing-list/road-trip-essentials/,Pack Hacker,en,article,,,,road trip / car travel / mixed activities,以公路旅行为主，兼顾车内收纳、途中活动与多天气适配。,REI Grand Hut 4 Tent,,REI Grand Hut 4 Tent,other,to_pack,undecided,,REI Grand Hut,,"If you’ll be spending a lot of time in your tent, you’ll probably appreciate the space this tent provides. There’s enough room inside that you can stand up (!)—plus the fly goes all the way down for solid weather protection. That said, it’s going to take up more space in your car than a smaller tent and isn’t going to be great in heavy winds. Based on the length of your trip, how frequently you’ll be camping, and your personality, you can decide if the comfort and hangoutability (not a word, but",来源章节: Sleeping & Camping | [See Details & Buying Options](https://www.packhacker.com/travel-gear/rei/grand-hut-4-tent/),3,draft
PKH-ROAD-054,Road Trip Packing List,https://www.packhacker.com/packing-list/road-trip-essentials/,Pack Hacker,en,article,,,,road trip / car travel / mixed activities,以公路旅行为主，兼顾车内收纳、途中活动与多天气适配。,Therm-a-Rest NeoAir XTherm Sleeping Pad,,Therm-a-Rest NeoAir XTherm Sleeping Pad,other,to_pack,undecided,,Therm-a-Rest NeoAir XTherm,,"You probably don’t need this technical of a sleeping pad, but it’s one of those things that are nice to have—especially if you’ll be sleeping on it nearly every night. It’s thick (for a sleeping pad) with great insulation to keep the cold from the ground from seeping into your body. Plus, it rolls up into a small size, so it won’t take up too much space in your car.",来源章节: Sleeping & Camping | [See Details & Buying Options](https://www.packhacker.com/travel-gear/therm-a-rest/neoair-xtherm-sleeping-pad/) | [$239.95 on Amazon](https://www.amazon.com/dp/B0BKFQK89B?tag=23ph-20&linkCode=ogi&th=1&psc=1) [$239.95 on Therm-a-Rest](https://www.avantlink.com/click.php?tt=el&merchant_id=ff8ec40c-68a1-421f-9ba7-c787dc5ebc8e&website_id=a96d6cb1-b2bd-48b9-b5e5-4bed31cb2e84&url=https%3A%2F%2Fcascadedesigns.com%2Fproducts%2Fneoair-xtherm-nxt-sleeping-pad%3F_pos%3D1%26_sid%3Dd52c07c14%26_ss%3Dr),3,draft
PKH-ROAD-055,Road Trip Packing List,https://www.packhacker.com/packing-list/road-trip-essentials/,Pack Hacker,en,article,,,,road trip / car travel / mixed activities,以公路旅行为主，兼顾车内收纳、途中活动与多天气适配。,The North Face Eco Trail Bed 35,,The North Face Eco Trail Bed 35,other,to_pack,undecided,,The North Face,,"There’s a variety of highly technical, specialized, expensive sleeping bags on the market. This one is not one of them—but it’s all you (likely) need for basic car camping. It’s rated to 35℉, which is pretty dang cold, especially since most road trips take place in warm weather months (or involve chasing the sun). Plus, it’s not likely to make you too hot. It comes in two sizes (regular and long) and you can pick up a left-handed version if you’re left-handed. We also want to mention that it’s m",来源章节: Sleeping & Camping | [See Details & Buying Options](https://www.packhacker.com/travel-gear/the-north-face/eco-trail-bed-35/),3,draft
PKH-ROAD-056,Road Trip Packing List,https://www.packhacker.com/packing-list/road-trip-essentials/,Pack Hacker,en,article,,,,road trip / car travel / mixed activities,以公路旅行为主，兼顾车内收纳、途中活动与多天气适配。,Therm-a-Rest Compressible Pillow Cinch,,Therm-a-Rest Compressible Pillow Cinch,other,to_pack,undecided,,Therm-a-Rest Compressible Pillow,,"While you could bring the pillow off of your bed, we suggest packing a specific pillow for camping. Just think of all the dirt and grime that camping involves. We’re digging this pillow since it’s made of soft, comfy, and up-cycled foam—perfect for camping and car naps. Plus, it’s compressible, so it won’t take up much space in your car when not in use. There are a few different sizes to choose from and plenty of colorways.",来源章节: Sleeping & Camping | [See Details & Buying Options](https://www.packhacker.com/travel-gear/therm-a-rest/compressible-pillow-cinch/) | [$15.98 on Backcountry](https://classic.avantlink.com/click.php?p=264345&pw=226489&pt=3&pri=4023211&tt=df&url=https%3A%2F%2Fwww.backcountry.com%2Ftherm-a-rest-compressible-pillow-cinch) [$33.48 on Amazon](https://www.amazon.com/dp/B09LNX4B5C?tag=23ph-20&linkCode=ogi&th=1&psc=1) [$31.95 on Therm-a-Rest](https://www.avantlink.com/click.php?tt=el&merchant_id=ff8ec40c-68a1-421f-9ba7-c787dc5ebc8e&website_id=a96d6cb1-b2bd-48b9-b5e5-4bed31cb2e84&url=https%3A%2F%2Fcascadedesigns.com%2Fproducts%2Fcompressible-pillow-cinch-past-season%3F_pos%3D1%26_sid%3Dbe1302bed%26_ss%3Dr),3,draft
PKH-ROAD-057,Road Trip Packing List,https://www.packhacker.com/packing-list/road-trip-essentials/,Pack Hacker,en,article,,,,road trip / car travel / mixed activities,以公路旅行为主，兼顾车内收纳、途中活动与多天气适配。,Coghlan's Mosquito Netting,,Coghlan's Mosquito Netting,other,to_pack,undecided,,Coghlan's Mosquito Netting,,"If you’re sleeping in your car—or even just lounging in it—you’ll want to be able to roll down your windows without inviting mosquitos inside to sleep with you. This netting will get the job done. Simply drape it over your windows and secure it with magnets. You only need one package if you want to cover two windows, but you’ll want two if you have large windows or several you want to cover.",来源章节: Sleeping & Camping | [See Details & Buying Options](https://www.packhacker.com/travel-gear/coghlans/mosquito-netting/),3,draft
PKH-ROAD-058,Road Trip Packing List,https://www.packhacker.com/packing-list/road-trip-essentials/,Pack Hacker,en,article,,,,road trip / car travel / mixed activities,以公路旅行为主，兼顾车内收纳、途中活动与多天气适配。,DIYMAG Neodymium Disc Magnets,,DIYMAG Neodymium Disc Magnets,other,to_pack,undecided,,DIYMAG Neodymium Disc,,"These are the magnets you’ll need if you're draping mosquito netting over your windows. They may look tiny, but they are seriously strong. You may want to wrap these in duct tape before using them because, otherwise, they can rip the paint off of your car. Also, you can create little handles/pull tabs with the duct tape, so you can actually pull off the magnets.",来源章节: Sleeping & Camping | [See Details & Buying Options](https://www.packhacker.com/travel-gear/diymag/neodymium-disc-magnets/),3,draft
PKH-ROAD-059,Road Trip Packing List,https://www.packhacker.com/packing-list/road-trip-essentials/,Pack Hacker,en,article,,,,road trip / car travel / mixed activities,以公路旅行为主，兼顾车内收纳、途中活动与多天气适配。,Everbilt 10 ft. x 12 ft. Heavy-Duty Tarp,,Everbilt 10 ft. x 12 ft. Heavy-Duty Tarp,other,to_pack,undecided,,Everbilt 10 ft.,,"This tarp isn’t durable enough for heavy lifting, but it’s a good all-around tarp to set your tent on to protect it from a wet ground/help extend its life. Additionally, you can tie the tarp over the windows if it’s raining and you need to sleep in your car (so you can keep the windows cracked without worrying about getting wet).",来源章节: Sleeping & Camping | [See Details & Buying Options](https://www.packhacker.com/travel-gear/everbilt/10-ft-x-12-ft-heavy-duty-tarp/),3,draft
PKH-ROAD-060,Road Trip Packing List,https://www.packhacker.com/packing-list/road-trip-essentials/,Pack Hacker,en,article,,,,road trip / car travel / mixed activities,以公路旅行为主，兼顾车内收纳、途中活动与多天气适配。,MSR Ultralight Utility Cord,,MSR Ultralight Utility Cord,other,to_pack,undecided,,MSR Ultralight Utility,,Rope is one of those things that seems to come in handy at random intervals. Say to help you tie your tarp over your windows in the aforementioned it’s-raining-while-you’re-sleeping-in-your-car scenario.,来源章节: Sleeping & Camping | [See Details & Buying Options](https://www.packhacker.com/travel-gear/msr/ultralight-utility-cord/) | [View on MSR](https://www.avantlink.com/click.php?tt=el&merchant_id=7b4b8013-2a48-4540-bdb3-c614a9ba234d&website_id=a96d6cb1-b2bd-48b9-b5e5-4bed31cb2e84&url=https%3A%2F%2Fwww.msrgear.com%2Ftents%2Ftent-accessories%2Fultralight-cord%2F05819.html) [$22.11 on Amazon](https://www.amazon.com/dp/B019F2R1PA?tag=23ph-20&linkCode=ogi&th=1&psc=1),3,draft
PKH-ROAD-061,Road Trip Packing List,https://www.packhacker.com/packing-list/road-trip-essentials/,Pack Hacker,en,article,,,,road trip / car travel / mixed activities,以公路旅行为主，兼顾车内收纳、途中活动与多天气适配。,Hydro Flask 18 oz Standard Mouth Water Bottle,,Hydro Flask 18 oz Standard Mouth Water Bottle,other,to_pack,undecided,,Hydro Flask 18,,"Road tripping with a reusable water bottle is the way to go (beyond environmentalism, who wants to drink lukewarm or, even, hot water from a plastic disposable bottle that’s been sitting in the car all day?). This bottle has double wall vacuum insulation to keep cold drinks cold and hot drinks hot. The 18oz size is big enough that you should be able to quench your thirst, but it still fits inside most cup holders.",来源章节: Miscellaneous | [See Details & Buying Options](https://www.packhacker.com/travel-gear/hydro-flask/18-oz-standard-mouth-water-bottle/),3,draft
PKH-ROAD-062,Road Trip Packing List,https://www.packhacker.com/packing-list/road-trip-essentials/,Pack Hacker,en,article,,,,road trip / car travel / mixed activities,以公路旅行为主，兼顾车内收纳、途中活动与多天气适配。,Stanley Classic Trigger-Action Travel Mug 12 oz,,Stanley Classic Trigger-Action Travel Mug 12 oz,other,to_pack,undecided,,Stanley Classic Trigger-Action,,"If you’re a coffee drinker you’re going to need a separate bottle for the delicious drink (for obvious reasons). This one seals, so you don’t have to worry about spills in between sips. And, because of its trigger-action lid, you can easily drink your coffee one-handed, which is ideal (and necessary) for driving.",来源章节: Miscellaneous | [See Review & Buying Options](https://www.packhacker.com/travel-gear/stanley/classic-trigger-action-travel-mug-12-oz/),3,draft
PKH-ROAD-063,Road Trip Packing List,https://www.packhacker.com/packing-list/road-trip-essentials/,Pack Hacker,en,article,,,,road trip / car travel / mixed activities,以公路旅行为主，兼顾车内收纳、途中活动与多天气适配。,Gerber Gear Shard,,Gerber Gear Shard,other,to_pack,undecided,,Gerber Gear Shard,,"This seven-in-one multi-tool isn’t going to be handy for any big things. In fact, we recommend you bring an actual tool kit for that kind of stuff. But the Shard is perfect for quick jobs like opening bottles or tightening the screw on that wobbly Airbnb chair. Plus, this little fella is small and inconspicuous enough to fit nicely on a keychain.",来源章节: Miscellaneous | [See Review & Buying Options](https://www.packhacker.com/travel-gear/gerber-gear/shard/) | [$7.00 on Gerber Gear](https://www.avantlink.com/click.php?tt=el&merchant_id=d463def4-9150-47e5-9d6b-4543292f17bc&website_id=a96d6cb1-b2bd-48b9-b5e5-4bed31cb2e84&url=https%3A%2F%2Fwww.gerbergear.com%2Fen-us%2Fshop%2Fmulti-tools%2Fall-multi-tools%2Fshard-22-01769) [$6.99 on Amazon](https://www.amazon.com/dp/B002ZK45IQ?tag=23ph-20&linkCode=ogi&th=1&psc=1),3,draft
PKH-ROAD-064,Road Trip Packing List,https://www.packhacker.com/packing-list/road-trip-essentials/,Pack Hacker,en,article,,,,road trip / car travel / mixed activities,以公路旅行为主，兼顾车内收纳、途中活动与多天气适配。,Heroclip Hybrid Carabiner Clip,,Heroclip Hybrid Carabiner Clip,other,to_pack,undecided,,Heroclip Hybrid Carabiner,,"Part carabiner, part clip, the Heroclip is a handy tool to have around. Use it as a clip to hang things up. Or use it as a carabiner, which has a million different uses, from keeping your keys more secure inside of your bag, to clipping your water bottle to your pack. It’s available in a few different sizes and a variety of colorways and patterns.",来源章节: Miscellaneous | [See Review & Buying Options](https://www.packhacker.com/travel-gear/heroclip/medium-hanger/),3,draft
PKH-ROAD-065,Road Trip Packing List,https://www.packhacker.com/packing-list/road-trip-essentials/,Pack Hacker,en,article,,,,road trip / car travel / mixed activities,以公路旅行为主，兼顾车内收纳、途中活动与多天气适配。,Amazon Basics RFID Travel Passport Wallet,,Amazon Basics RFID Travel Passport Wallet,other,to_pack,undecided,,Amazon Basics RFID,,"This travel wallet is a great place to stash and organize your roadside assistance card, insurance, registration, America the Beautiful pass, passport(s), emergency cash, etc. All of the things you may need occasionally on the road, but don’t want to keep in your everyday wallet. And, because the wallet will mostly stay out of sight, you don’t need anything fancy looking. Plus it has a spot for coins (for showers!).",来源章节: Miscellaneous | [See Review & Buying Options](https://www.packhacker.com/travel-gear/amazonbasics/rfid-travel-passport-wallet/),3,draft
PKH-ROAD-066,Road Trip Packing List,https://www.packhacker.com/packing-list/road-trip-essentials/,Pack Hacker,en,article,,,,road trip / car travel / mixed activities,以公路旅行为主，兼顾车内收纳、途中活动与多天气适配。,Final Co. FinalStraw 2.0,,Final Co. FinalStraw 2.0,other,to_pack,undecided,,Final Co. FinalStraw,,"Between stopping for smoothies, enjoying a creamy milkshake, or slurping down ice water at a restaurant, road trips involve a fair amount of straw action. This stainless steel reusable straw is a great alternative to plastic straws. It folds down to a small, packable size, ends up being more fun to drink out of than disposable straws, and will help mitigate your environmental impact. That’s a win, win, win right there.",来源章节: Miscellaneous | [See Review & Buying Options](https://www.packhacker.com/travel-gear/finalstraw/reusable-collapsible-straw/) | [lock Pro Members get up to 10% off Final Co.](https://www.packhacker.com/pro/),3,draft
PKH-ROAD-067,Road Trip Packing List,https://www.packhacker.com/packing-list/road-trip-essentials/,Pack Hacker,en,article,,,,road trip / car travel / mixed activities,以公路旅行为主，兼顾车内收纳、途中活动与多天气适配。,REI Flexlite Camp Dreamer Chair,,REI Flexlite Camp Dreamer Chair,other,to_pack,undecided,,REI Flexlite Camp,,"This camping chair is a great middle-ground between a traditional big camping chair, which will take up precious space inside of your car, and something ultralight, which usually involves sacrificing comfort. Use it at a campground or sitting around a fire pit in the backyard of your Airbnb.",来源章节: Miscellaneous | [See Details & Buying Options](https://www.packhacker.com/travel-gear/rei/flexlite-camp-dreamer-chair/),3,draft
PKH-ROAD-068,Road Trip Packing List,https://www.packhacker.com/packing-list/road-trip-essentials/,Pack Hacker,en,article,,,,road trip / car travel / mixed activities,以公路旅行为主，兼顾车内收纳、途中活动与多天气适配。,Scrubba Wash Bag,,Scrubba Wash Bag,other,to_pack,undecided,,Scrubba Wash Bag,,"This thing is only necessary if you’ll be road tripping to a place without easy access to washers and dryers (or sinks). A simple concept, we’ve been impressed with how effective it is at cleaning clothes (the interior washboard makes all the difference). It does leave your clothes sopping wet, but as long as you keep drying time in mind, that’s not a huge problem.",来源章节: Miscellaneous | [See Review & Buying Options](https://www.packhacker.com/travel-gear/scrubba/wash-bag/),3,draft
PKH-ROAD-069,Road Trip Packing List,https://www.packhacker.com/packing-list/road-trip-essentials/,Pack Hacker,en,article,,,,road trip / car travel / mixed activities,以公路旅行为主，兼顾车内收纳、途中活动与多天气适配。,Hefty 18qt Plastic Storage Bin with Gray HI-RISE Stackable Lid,,Hefty 18qt Plastic Storage Bin with Gray HI-RISE Stackable Lid,other,to_pack,undecided,,Hefty 18qt Plastic,,"These plastic bins are a great way to keep your stuff organized—whether that be camping stuff, paper towels, coconut oil, plastic bags, and other things of that nature. The lids clip into place, ensuring that whatever you have inside won’t fall out, plus they’re stackable to make for a nicely organized car.",来源章节: Miscellaneous | [See Details & Buying Options](https://www.packhacker.com/travel-gear/hefty/18qt-plastic-storage-bin-with-gray-hi-rise-stackable-lid/) | [$54.20 on Amazon](https://www.amazon.com/dp/B0875TVZD8?tag=23ph-20&linkCode=ogi&th=1&psc=1) [$14.14 on Walmart](https://fave.co/2Yq73q3),3,draft
PKH-ROAD-070,Road Trip Packing List,https://www.packhacker.com/packing-list/road-trip-essentials/,Pack Hacker,en,article,,,,road trip / car travel / mixed activities,以公路旅行为主，兼顾车内收纳、途中活动与多天气适配。,expand_more,,expand_more,other,to_pack,undecided,,expand,,"These convenient little tubs work well for storing those random small items you want to take on the road. Say ibuprofen, vitamins, or jewelry. We like to fill a second one with snacks (think almonds) to take on quick hikes or day trips. Plus, they’re available in different sizes, so you can mix and match.",来源章节: Miscellaneous | [See Review & Buying Options](https://www.packhacker.com/travel-gear/humangear/gotubb/),3,draft
